id,incident_number,incident_code,name,status,category,acres,containment_percent,county,field_unit,region,protecting_unit,resources_assigned,discovery_time,status_updated_time,latitude,longitude,is_obscured
2fd91f10-0689-475e-8da4-53ee2ba4610d,261100678,2026-FLFLS-261100678,LAKE MACK (35),Active,Wildfire,5.0,0,Lake,Withlacoochee,Region 3,FLFLS - Florida Forest Service,9,2026-10-01T18:40:32,2026-10-01T18:41:00,28.991111755371094,-81.44139099121094,False
a1fc53cd-d191-4cda-abca-4386edc9e9a2,260800821,2026-FLFLS-260800821,OAKRUN ROAD (54),Contained,Wildfire,3.1,100,Putnam,Waccasassa,Region 2,FLFLS - Florida Forest Service,0,2026-09-30T19:42:00,2026-09-30T20:47:00,29.443889617919922,-81.6419448852539,False
6a998ee2-91ec-467b-9145-14e048367313,260700661,2026-FLFLS-260700661,Deleene Rd (45),Controlled,Wildfire,0.25,100,Nassau,Jacksonville,Region 2,FLFLS - Florida Forest Service,0,2026-09-30T17:39:15,2026-10-01T14:37:03,30.578899383544922,-81.58039855957031,False
946a2966-6245-4aae-a556-e7de89c12c08,261100676,2026-FLFLS-261100676,SILVER EAGLE (35),Active,Wildfire,281.0,90,Lake,Withlacoochee,Region 3,FLFLS - Florida Forest Service,0,2026-09-30T15:12:06,2026-09-30T15:15:41,28.573368072509766,-81.82710266113281,False
6f1fb3c8-67ad-4467-92e3-5d4d08381380,261100673,2026-FLFLS-261100673,HIDDEN OAKS  (09),Contained,Wildfire,0.76,100,Citrus,Withlacoochee,Region 3,FLFLS - Florida Forest Service,0,2026-09-29T21:32:21,2026-09-29T23:55:15,28.924165725708008,-82.5838851928711,False
23aba78c-59ef-4a99-b15b-4ec589da08f5,260601060,2026-FLFLS-260601060,NW 38TH AVE (04),Contained,Wildfire,0.75,100,Bradford,Suwannee,Region 2,FLFLS - Florida Forest Service,0,2026-09-29T20:14:00,2026-09-29T22:27:00,30.026063919067383,-82.10865020751953,False
47418297-8d31-4417-b0ec-49c0734a2a79,260601059,2026-FLFLS-260601059,NW BRONCO TERR (12),Contained,Wildfire,1.0,100,Columbia,Suwannee,Region 2,FLFLS - Florida Forest Service,0,2026-09-29T19:51:00,2026-09-29T20:49:00,30.244230270385742,-82.70878601074219,False
fc3eccc6-0b72-40e9-a62c-a514f7a2f6d4,260400510,2026-FLFLS-260400510,LIGHTHOUSE  RD (65) 0510,Contained,Wildfire,3.0,100,Wakulla,Tallahassee,Region 1,FLFLS - Florida Forest Service,0,2026-09-29T17:39:00,2026-09-29T21:39:00,30.194141387939453,-84.17156219482422,False
fb9b2409-869d-428c-864b-601ec14e6c4d,260800819,2026-FLFLS-260800819,NE 65TH AVE (42),Contained,Wildfire,0.25,100,Marion,Waccasassa,Region 2,FLFLS - Florida Forest Service,0,2026-09-29T17:02:00,2026-10-01T14:21:00,29.351320266723633,-82.04486846923828,False
0056fc2d-ddb1-4188-b600-4d807b6378c1,260500281,2026-FLFLS-260500281,3635 Golf Course Road- Taylor (62),Contained,Wildfire,0.0,100,Taylor,Perry,Region 2,FLFLS - Florida Forest Service,0,2026-09-28T21:21:00,2026-09-29T01:29:41,30.091968536376953,-83.60944366455078,False
417d5edb-1f8e-416e-a372-45cb5fecefe6,260200569,2026-FLFLS-260200569,TAYLOR RD (32),Contained,Wildfire,0.25,100,Jackson,Chipola,Region 1,FLFLS - Florida Forest Service,0,2026-09-28T18:04:44,2026-09-28T19:37:59,30.76555633544922,-85.40682983398438,False
6998f3d2-f005-4b76-af8d-2b5406e0a1d4,260601056,2026-FLFLS-260601056,27TH WAY (24-04),Contained,Wildfire,0.0,100,Hamilton,Suwannee,Region 2,FLFLS - Florida Forest Service,0,2026-09-28T13:44:00,2026-09-29T04:01:00,30.558074951171875,-83.11282348632812,False
997493c2-cc57-4adf-a453-45f03ecde2a2,260200568,2026-FLFLS-260200568,Heisler Road (32),Contained,Wildfire,7.5,100,Jackson,Chipola,Region 1,FLFLS - Florida Forest Service,0,2026-09-27T22:25:08,2026-09-28T14:27:06,30.930204391479492,-85.50125122070312,False
c7b68e80-579e-43b0-ba72-265673154ab6,261100665,2026-FLFLS-261100665,EVERGREEN (09),Contained,Wildfire,5.0,100,Citrus,Withlacoochee,Region 3,FLFLS - Florida Forest Service,0,2026-09-27T18:44:45,2026-09-27T20:06:43,28.795000076293945,-82.53472137451172,False
57d2a7c2-07de-4bf7-9551-62b655c28284,261100664,2026-FLFLS-261100664,CONSTRUCTION 2 (35),Contained,Wildfire,1.0,100,Lake,Withlacoochee,Region 3,FLFLS - Florida Forest Service,0,2026-09-27T17:12:06,2026-09-27T19:11:00,28.750837326049805,-81.92597961425781,False
85f9ebf9-dc6f-4084-863f-e40dd17d2ec0,261100663,2026-FLFLS-261100663,MICHIGAN (09),Contained,Wildfire,2.0,100,Citrus,Withlacoochee,Region 3,FLFLS - Florida Forest Service,0,2026-09-26T21:02:00,2026-09-27T02:01:00,28.809444427490234,-82.57444763183594,False
c8254c01-7339-4323-81fa-8119a4a21194,261100662,2026-FLFLS-261100662,KILLDEER (09),Contained,Wildfire,2.0,100,Citrus,Withlacoochee,Region 3,FLFLS - Florida Forest Service,0,2026-09-26T18:43:49,2026-09-26T21:23:00,28.802915573120117,-82.26898193359375,False
d8dc6472-e98e-4a0f-a032-bee29cb315be,261100660,2026-FLFLS-261100660,STONEBROOK (09),Contained,Wildfire,1.3,100,Citrus,Withlacoochee,Region 3,FLFLS - Florida Forest Service,0,2026-09-25T04:53:01,2026-09-25T15:39:57,28.821388244628906,-82.5713882446289,False
2312a745-154c-4da3-93da-f8c46342d3ab,261400469,2026-FLFLS-261400469,FOUR CORNERS (53),Active,Wildfire,11.0,90,Polk,Lakeland,Region 3,FLFLS - Florida Forest Service,0,2026-08-22T22:52:01,2026-09-28T16:08:03,28.34083366394043,-81.80305480957031,False
